<?xml version="1.0" encoding="UTF-8"?>
<?xml-stylesheet type="text/xsl" href="configuration.xsl"?>

<!-- Put site-specific property overrides in this file. -->

<configuration>
  <!--  
  <property>
    <name>hadoop.tmp.dir</name>
    <value>/Users/student/tmp/hadoop-local/tmp</value>
   <description>A base for other temporary directories.</description>
  </property>
-->
  
 <property>
  <name>fs.default.name</name>
  <value>hdfs://localhost:9000</value>
  <description>Default file system URI.  URI:scheme://authority/path scheme:method of access authority:host,port etc.</description>
</property>
 
</configuration>
