<?xml version="1.0" encoding="UTF-8"?>
<?xml-stylesheet type="text/xsl" href="configuration.xsl"?>

<!-- Put site-specific property overrides in this file. -->

<configuration>

	<property>
		<name>dfs.name.dir</name>
		<value>/tmp/hdfs/name</value>
		<description>Determines where on the local filesystem the DFS name
			node should store the name table(fsimage).</description>
	</property>

	<property>
		<name>dfs.data.dir</name>
		<value>/tmp/hdfs/data</value>
		<description>Determines where on the local filesystem an DFS data node should store its blocks.</description>
	</property>
	
	<property>
		<name>dfs.replication</name>
		<value>1</value>
		<description>Default block replication.Usually 3, 1 in our case
		</description>
	</property>
</configuration>
